<?xml version="1.0" encoding="UTF-8"?>
<!DOCTYPE plist PUBLIC "-//Apple Computer//DTD PLIST 1.0//EN" "http://www.apple.com/DTDs/PropertyList-1.0.dtd">
<plist version="1.0"><dict>
    <key>Application Version</key><string>6M62</string>
    <key>0</key><dict>
        <key>Filename</key><string>/Users/colesarar/Downloads/Splounge-Dystopia-master/Splounge-Dystopia.inform/Source/story.ni</string>
        <key>Line</key><integer>1</integer>
        <key>Title</key><string>"Splounge-Dystopia" by Aaron Prust</string>
        <key>Level</key><integer>0</integer>
        <key>Indentation</key><integer>0</integer>
    </dict>
    <key>1</key><dict>
        <key>Line</key><integer>1</integer>
        <key>Title</key><string>Invented sentences</string>
        <key>Level</key><integer>0</integer>
        <key>Indentation</key><integer>0</integer>
    </dict>
    <key>2</key><dict>
        <key>Filename</key><string>/Applications/Inform.app/Contents/Resources/Internal/Extensions/graham nelson/standard rules.i7x</string>
        <key>Line</key><integer>1</integer>
        <key>Title</key><string>Version 3/120430 of the Standard Rules by Graham Nelson begins here</string>
        <key>Level</key><integer>0</integer>
        <key>Indentation</key><integer>0</integer>
    </dict>
    <key>3</key><dict>
        <key>Filename</key><string>/Applications/Inform.app/Contents/Resources/Internal/Extensions/graham nelson/standard rules.i7x</string>
        <key>Line</key><integer>347</integer>
        <key>Title</key><string>Part SR1 - The Physical World Model</string>
        <key>Level</key><integer>3</integer>
        <key>Indentation</key><integer>1</integer>
    </dict>
    <key>4</key><dict>
        <key>Filename</key><string>/Applications/Inform.app/Contents/Resources/Internal/Extensions/graham nelson/standard rules.i7x</string>
        <key>Line</key><integer>349</integer>
        <key>Title</key><string>Section SR1/0 - Language</string>
        <key>Level</key><integer>5</integer>
        <key>Indentation</key><integer>2</integer>
    </dict>
    <key>5</key><dict>
        <key>Filename</key><string>/Applications/Inform.app/Contents/Resources/Internal/Extensions/graham nelson/standard rules.i7x</string>
        <key>Line</key><integer>410</integer>
        <key>Title</key><string>Section SR1/1 - Primitive Kinds</string>
        <key>Level</key><integer>5</integer>
        <key>Indentation</key><integer>2</integer>
    </dict>
    <key>6</key><dict>
        <key>Filename</key><string>/Applications/Inform.app/Contents/Resources/Internal/Extensions/graham nelson/standard rules.i7x</string>
        <key>Line</key><integer>435</integer>
        <key>Title</key><string>Section SR1/2 - Rooms</string>
        <key>Level</key><integer>5</integer>
        <key>Indentation</key><integer>2</integer>
    </dict>
    <key>7</key><dict>
        <key>Filename</key><string>/Applications/Inform.app/Contents/Resources/Internal/Extensions/graham nelson/standard rules.i7x</string>
        <key>Line</key><integer>465</integer>
        <key>Title</key><string>Section SR1/3 - Things</string>
        <key>Level</key><integer>5</integer>
        <key>Indentation</key><integer>2</integer>
    </dict>
    <key>8</key><dict>
        <key>Filename</key><string>/Applications/Inform.app/Contents/Resources/Internal/Extensions/graham nelson/standard rules.i7x</string>
        <key>Line</key><integer>492</integer>
        <key>Title</key><string>Section SR1/4 - Directions</string>
        <key>Level</key><integer>5</integer>
        <key>Indentation</key><integer>2</integer>
    </dict>
    <key>9</key><dict>
        <key>Filename</key><string>/Applications/Inform.app/Contents/Resources/Internal/Extensions/graham nelson/standard rules.i7x</string>
        <key>Line</key><integer>543</integer>
        <key>Title</key><string>Section SR1/5 - Doors</string>
        <key>Level</key><integer>5</integer>
        <key>Indentation</key><integer>2</integer>
    </dict>
    <key>10</key><dict>
        <key>Filename</key><string>/Applications/Inform.app/Contents/Resources/Internal/Extensions/graham nelson/standard rules.i7x</string>
        <key>Line</key><integer>561</integer>
        <key>Title</key><string>Section SR1/6 - Containers</string>
        <key>Level</key><integer>5</integer>
        <key>Indentation</key><integer>2</integer>
    </dict>
    <key>11</key><dict>
        <key>Filename</key><string>/Applications/Inform.app/Contents/Resources/Internal/Extensions/graham nelson/standard rules.i7x</string>
        <key>Line</key><integer>575</integer>
        <key>Title</key><string>Section SR1/7 - Supporters</string>
        <key>Level</key><integer>5</integer>
        <key>Indentation</key><integer>2</integer>
    </dict>
    <key>12</key><dict>
        <key>Filename</key><string>/Applications/Inform.app/Contents/Resources/Internal/Extensions/graham nelson/standard rules.i7x</string>
        <key>Line</key><integer>590</integer>
        <key>Title</key><string>Section SR1/8 - Openability</string>
        <key>Level</key><integer>5</integer>
        <key>Indentation</key><integer>2</integer>
    </dict>
    <key>13</key><dict>
        <key>Filename</key><string>/Applications/Inform.app/Contents/Resources/Internal/Extensions/graham nelson/standard rules.i7x</string>
        <key>Line</key><integer>598</integer>
        <key>Title</key><string>Section SR1/9 - Lockability</string>
        <key>Level</key><integer>5</integer>
        <key>Indentation</key><integer>2</integer>
    </dict>
    <key>14</key><dict>
        <key>Filename</key><string>/Applications/Inform.app/Contents/Resources/Internal/Extensions/graham nelson/standard rules.i7x</string>
        <key>Line</key><integer>617</integer>
        <key>Title</key><string>Section SR1/10 - Backdrops</string>
        <key>Level</key><integer>5</integer>
        <key>Indentation</key><integer>2</integer>
    </dict>
    <key>15</key><dict>
        <key>Filename</key><string>/Applications/Inform.app/Contents/Resources/Internal/Extensions/graham nelson/standard rules.i7x</string>
        <key>Line</key><integer>627</integer>
        <key>Title</key><string>Section SR1/11 - People</string>
        <key>Level</key><integer>5</integer>
        <key>Indentation</key><integer>2</integer>
    </dict>
    <key>16</key><dict>
        <key>Filename</key><string>/Applications/Inform.app/Contents/Resources/Internal/Extensions/graham nelson/standard rules.i7x</string>
        <key>Line</key><integer>657</integer>
        <key>Title</key><string>Section SR1/12 - Animals, men and women</string>
        <key>Level</key><integer>5</integer>
        <key>Indentation</key><integer>2</integer>
    </dict>
    <key>17</key><dict>
        <key>Filename</key><string>/Applications/Inform.app/Contents/Resources/Internal/Extensions/graham nelson/standard rules.i7x</string>
        <key>Line</key><integer>675</integer>
        <key>Title</key><string>Section SR1/13 - Devices</string>
        <key>Level</key><integer>5</integer>
        <key>Indentation</key><integer>2</integer>
    </dict>
    <key>18</key><dict>
        <key>Filename</key><string>/Applications/Inform.app/Contents/Resources/Internal/Extensions/graham nelson/standard rules.i7x</string>
        <key>Line</key><integer>685</integer>
        <key>Title</key><string>Section SR1/14 - Vehicles</string>
        <key>Level</key><integer>5</integer>
        <key>Indentation</key><integer>2</integer>
    </dict>
    <key>19</key><dict>
        <key>Filename</key><string>/Applications/Inform.app/Contents/Resources/Internal/Extensions/graham nelson/standard rules.i7x</string>
        <key>Line</key><integer>698</integer>
        <key>Title</key><string>Section SR1/15 - Player's holdall</string>
        <key>Level</key><integer>5</integer>
        <key>Indentation</key><integer>2</integer>
    </dict>
    <key>20</key><dict>
        <key>Filename</key><string>/Applications/Inform.app/Contents/Resources/Internal/Extensions/graham nelson/standard rules.i7x</string>
        <key>Line</key><integer>713</integer>
        <key>Title</key><string>Section SR1/16 - Inform 6 equivalents</string>
        <key>Level</key><integer>5</integer>
        <key>Indentation</key><integer>2</integer>
    </dict>
    <key>21</key><dict>
        <key>Filename</key><string>/Applications/Inform.app/Contents/Resources/Internal/Extensions/graham nelson/standard rules.i7x</string>
        <key>Line</key><integer>752</integer>
        <key>Title</key><string>Part SR2 - Variables and Rulebooks</string>
        <key>Level</key><integer>3</integer>
        <key>Indentation</key><integer>1</integer>
    </dict>
    <key>22</key><dict>
        <key>Filename</key><string>/Applications/Inform.app/Contents/Resources/Internal/Extensions/graham nelson/standard rules.i7x</string>
        <key>Line</key><integer>754</integer>
        <key>Title</key><string>Section SR2/1 - Situation</string>
        <key>Level</key><integer>5</integer>
        <key>Indentation</key><integer>2</integer>
    </dict>
    <key>23</key><dict>
        <key>Filename</key><string>/Applications/Inform.app/Contents/Resources/Internal/Extensions/graham nelson/standard rules.i7x</string>
        <key>Line</key><integer>774</integer>
        <key>Title</key><string>Section SR2/2 - Current action</string>
        <key>Level</key><integer>5</integer>
        <key>Indentation</key><integer>2</integer>
    </dict>
    <key>24</key><dict>
        <key>Filename</key><string>/Applications/Inform.app/Contents/Resources/Internal/Extensions/graham nelson/standard rules.i7x</string>
        <key>Line</key><integer>789</integer>
        <key>Title</key><string>Section SR2/3 - Used when ruling on accessibility</string>
        <key>Level</key><integer>5</integer>
        <key>Indentation</key><integer>2</integer>
    </dict>
    <key>25</key><dict>
        <key>Filename</key><string>/Applications/Inform.app/Contents/Resources/Internal/Extensions/graham nelson/standard rules.i7x</string>
        <key>Line</key><integer>801</integer>
        <key>Title</key><string>Section SR2/4 - Used when understanding typed commands</string>
        <key>Level</key><integer>5</integer>
        <key>Indentation</key><integer>2</integer>
    </dict>
    <key>26</key><dict>
        <key>Filename</key><string>/Applications/Inform.app/Contents/Resources/Internal/Extensions/graham nelson/standard rules.i7x</string>
        <key>Line</key><integer>818</integer>
        <key>Title</key><string>Section SR2/5 - Presentation on screen</string>
        <key>Level</key><integer>5</integer>
        <key>Indentation</key><integer>2</integer>
    </dict>
    <key>27</key><dict>
        <key>Filename</key><string>/Applications/Inform.app/Contents/Resources/Internal/Extensions/graham nelson/standard rules.i7x</string>
        <key>Line</key><integer>832</integer>
        <key>Title</key><string>Section SR2/6 - Language generation</string>
        <key>Level</key><integer>5</integer>
        <key>Indentation</key><integer>2</integer>
    </dict>
    <key>28</key><dict>
        <key>Filename</key><string>/Applications/Inform.app/Contents/Resources/Internal/Extensions/graham nelson/standard rules.i7x</string>
        <key>Line</key><integer>840</integer>
        <key>Title</key><string>Section SR2/6a - Unindexed Standard Rules variables - Unindexed</string>
        <key>Level</key><integer>5</integer>
        <key>Indentation</key><integer>2</integer>
    </dict>
    <key>29</key><dict>
        <key>Filename</key><string>/Applications/Inform.app/Contents/Resources/Internal/Extensions/graham nelson/standard rules.i7x</string>
        <key>Line</key><integer>852</integer>
        <key>Title</key><string>Section SR2/6b - Unindexed Standard Rules variables - Unindexed (for figures language element only)</string>
        <key>Level</key><integer>5</integer>
        <key>Indentation</key><integer>2</integer>
    </dict>
    <key>30</key><dict>
        <key>Filename</key><string>/Applications/Inform.app/Contents/Resources/Internal/Extensions/graham nelson/standard rules.i7x</string>
        <key>Line</key><integer>856</integer>
        <key>Title</key><string>Section SR2/6c - Unindexed Standard Rules variables - Unindexed</string>
        <key>Level</key><integer>5</integer>
        <key>Indentation</key><integer>2</integer>
    </dict>
    <key>31</key><dict>
        <key>Filename</key><string>/Applications/Inform.app/Contents/Resources/Internal/Extensions/graham nelson/standard rules.i7x</string>
        <key>Line</key><integer>876</integer>
        <key>Title</key><string>Section SR2/7 - The Standard Rulebooks</string>
        <key>Level</key><integer>5</integer>
        <key>Indentation</key><integer>2</integer>
    </dict>
    <key>32</key><dict>
        <key>Filename</key><string>/Applications/Inform.app/Contents/Resources/Internal/Extensions/graham nelson/standard rules.i7x</string>
        <key>Line</key><integer>944</integer>
        <key>Title</key><string>Section SR2/8 - The Standard Rules</string>
        <key>Level</key><integer>5</integer>
        <key>Indentation</key><integer>2</integer>
    </dict>
    <key>33</key><dict>
        <key>Filename</key><string>/Applications/Inform.app/Contents/Resources/Internal/Extensions/graham nelson/standard rules.i7x</string>
        <key>Line</key><integer>1032</integer>
        <key>Title</key><string>Section SR2/9 - The Entire Game scene</string>
        <key>Level</key><integer>5</integer>
        <key>Indentation</key><integer>2</integer>
    </dict>
    <key>34</key><dict>
        <key>Filename</key><string>/Applications/Inform.app/Contents/Resources/Internal/Extensions/graham nelson/standard rules.i7x</string>
        <key>Line</key><integer>1038</integer>
        <key>Title</key><string>Section SR2/10 - Action processing</string>
        <key>Level</key><integer>5</integer>
        <key>Indentation</key><integer>2</integer>
    </dict>
    <key>35</key><dict>
        <key>Filename</key><string>/Applications/Inform.app/Contents/Resources/Internal/Extensions/graham nelson/standard rules.i7x</string>
        <key>Line</key><integer>1127</integer>
        <key>Title</key><string>Section SR2/11 - Accessibility</string>
        <key>Level</key><integer>5</integer>
        <key>Indentation</key><integer>2</integer>
    </dict>
    <key>36</key><dict>
        <key>Filename</key><string>/Applications/Inform.app/Contents/Resources/Internal/Extensions/graham nelson/standard rules.i7x</string>
        <key>Line</key><integer>1160</integer>
        <key>Title</key><string>Section SR2/12 - Adjectival definitions</string>
        <key>Level</key><integer>5</integer>
        <key>Indentation</key><integer>2</integer>
    </dict>
    <key>37</key><dict>
        <key>Filename</key><string>/Applications/Inform.app/Contents/Resources/Internal/Extensions/graham nelson/standard rules.i7x</string>
        <key>Line</key><integer>1234</integer>
        <key>Title</key><string>Section SR2/12a - Adjectival definitions (for Glulx only)</string>
        <key>Level</key><integer>5</integer>
        <key>Indentation</key><integer>2</integer>
    </dict>
    <key>38</key><dict>
        <key>Filename</key><string>/Applications/Inform.app/Contents/Resources/Internal/Extensions/graham nelson/standard rules.i7x</string>
        <key>Line</key><integer>1244</integer>
        <key>Title</key><string>Section SR2/13 - Scene descriptions</string>
        <key>Level</key><integer>5</integer>
        <key>Indentation</key><integer>2</integer>
    </dict>
    <key>39</key><dict>
        <key>Filename</key><string>/Applications/Inform.app/Contents/Resources/Internal/Extensions/graham nelson/standard rules.i7x</string>
        <key>Line</key><integer>1251</integer>
        <key>Title</key><string>Section SR2/14 - Command parser errors</string>
        <key>Level</key><integer>5</integer>
        <key>Indentation</key><integer>2</integer>
    </dict>
    <key>40</key><dict>
        <key>Filename</key><string>/Applications/Inform.app/Contents/Resources/Internal/Extensions/graham nelson/standard rules.i7x</string>
        <key>Line</key><integer>1399</integer>
        <key>Title</key><string>Part SR3 - Activities</string>
        <key>Level</key><integer>3</integer>
        <key>Indentation</key><integer>1</integer>
    </dict>
    <key>41</key><dict>
        <key>Filename</key><string>/Applications/Inform.app/Contents/Resources/Internal/Extensions/graham nelson/standard rules.i7x</string>
        <key>Line</key><integer>1401</integer>
        <key>Title</key><string>Section SR3/1 - Definitions</string>
        <key>Level</key><integer>5</integer>
        <key>Indentation</key><integer>2</integer>
    </dict>
    <key>42</key><dict>
        <key>Filename</key><string>/Applications/Inform.app/Contents/Resources/Internal/Extensions/graham nelson/standard rules.i7x</string>
        <key>Line</key><integer>1543</integer>
        <key>Title</key><string>Section SR3/2 - Final Question</string>
        <key>Level</key><integer>5</integer>
        <key>Indentation</key><integer>2</integer>
    </dict>
    <key>43</key><dict>
        <key>Filename</key><string>/Applications/Inform.app/Contents/Resources/Internal/Extensions/graham nelson/standard rules.i7x</string>
        <key>Line</key><integer>1580</integer>
        <key>Title</key><string>Section SR3/3 - Final question options</string>
        <key>Level</key><integer>5</integer>
        <key>Indentation</key><integer>2</integer>
    </dict>
    <key>44</key><dict>
        <key>Filename</key><string>/Applications/Inform.app/Contents/Resources/Internal/Extensions/graham nelson/standard rules.i7x</string>
        <key>Line</key><integer>1590</integer>
        <key>Title</key><string>Section SR3/4 - Locale descriptions - Unindexed</string>
        <key>Level</key><integer>5</integer>
        <key>Indentation</key><integer>2</integer>
    </dict>
    <key>45</key><dict>
        <key>Filename</key><string>/Applications/Inform.app/Contents/Resources/Internal/Extensions/graham nelson/standard rules.i7x</string>
        <key>Line</key><integer>1807</integer>
        <key>Title</key><string>Part SR4 - Actions</string>
        <key>Level</key><integer>3</integer>
        <key>Indentation</key><integer>1</integer>
    </dict>
    <key>46</key><dict>
        <key>Filename</key><string>/Applications/Inform.app/Contents/Resources/Internal/Extensions/graham nelson/standard rules.i7x</string>
        <key>Line</key><integer>1809</integer>
        <key>Title</key><string>Section SR4/1 - Verbs needed for adaptive text</string>
        <key>Level</key><integer>5</integer>
        <key>Indentation</key><integer>2</integer>
    </dict>
    <key>47</key><dict>
        <key>Filename</key><string>/Applications/Inform.app/Contents/Resources/Internal/Extensions/graham nelson/standard rules.i7x</string>
        <key>Line</key><integer>1825</integer>
        <key>Title</key><string>Section SR4/2 - Standard actions concerning the actor's possessions</string>
        <key>Level</key><integer>5</integer>
        <key>Indentation</key><integer>2</integer>
    </dict>
    <key>48</key><dict>
        <key>Filename</key><string>/Applications/Inform.app/Contents/Resources/Internal/Extensions/graham nelson/standard rules.i7x</string>
        <key>Line</key><integer>2260</integer>
        <key>Title</key><string>Section SR4/3 - Standard actions which move the actor</string>
        <key>Level</key><integer>5</integer>
        <key>Indentation</key><integer>2</integer>
    </dict>
    <key>49</key><dict>
        <key>Filename</key><string>/Applications/Inform.app/Contents/Resources/Internal/Extensions/graham nelson/standard rules.i7x</string>
        <key>Line</key><integer>2661</integer>
        <key>Title</key><string>Section SR4/4 - Standard actions concerning the actor's vision</string>
        <key>Level</key><integer>5</integer>
        <key>Indentation</key><integer>2</integer>
    </dict>
    <key>50</key><dict>
        <key>Filename</key><string>/Applications/Inform.app/Contents/Resources/Internal/Extensions/graham nelson/standard rules.i7x</string>
        <key>Line</key><integer>2958</integer>
        <key>Title</key><string>Section SR4/5 - Standard actions which change the state of things</string>
        <key>Level</key><integer>5</integer>
        <key>Indentation</key><integer>2</integer>
    </dict>
    <key>51</key><dict>
        <key>Filename</key><string>/Applications/Inform.app/Contents/Resources/Internal/Extensions/graham nelson/standard rules.i7x</string>
        <key>Line</key><integer>3356</integer>
        <key>Title</key><string>Section SR4/6 - Standard actions concerning other people</string>
        <key>Level</key><integer>5</integer>
        <key>Indentation</key><integer>2</integer>
    </dict>
    <key>52</key><dict>
        <key>Filename</key><string>/Applications/Inform.app/Contents/Resources/Internal/Extensions/graham nelson/standard rules.i7x</string>
        <key>Line</key><integer>3673</integer>
        <key>Title</key><string>Section SR4/7 - Standard actions which are checked but then do nothing unless rules intervene</string>
        <key>Level</key><integer>5</integer>
        <key>Indentation</key><integer>2</integer>
    </dict>
    <key>53</key><dict>
        <key>Filename</key><string>/Applications/Inform.app/Contents/Resources/Internal/Extensions/graham nelson/standard rules.i7x</string>
        <key>Line</key><integer>3953</integer>
        <key>Title</key><string>Section SR4/8 - Standard actions which always do nothing unless rules intervene</string>
        <key>Level</key><integer>5</integer>
        <key>Indentation</key><integer>2</integer>
    </dict>
    <key>54</key><dict>
        <key>Filename</key><string>/Applications/Inform.app/Contents/Resources/Internal/Extensions/graham nelson/standard rules.i7x</string>
        <key>Line</key><integer>4274</integer>
        <key>Title</key><string>Section SR4/9 - Standard actions which happen out of world</string>
        <key>Level</key><integer>5</integer>
        <key>Indentation</key><integer>2</integer>
    </dict>
    <key>55</key><dict>
        <key>Filename</key><string>/Applications/Inform.app/Contents/Resources/Internal/Extensions/graham nelson/standard rules.i7x</string>
        <key>Line</key><integer>4438</integer>
        <key>Title</key><string>Section SR4/10 - Grammar</string>
        <key>Level</key><integer>5</integer>
        <key>Indentation</key><integer>2</integer>
    </dict>
    <key>56</key><dict>
        <key>Filename</key><string>/Applications/Inform.app/Contents/Resources/Internal/Extensions/graham nelson/standard rules.i7x</string>
        <key>Line</key><integer>4662</integer>
        <key>Title</key><string>Part SR5 - Phrasebook</string>
        <key>Level</key><integer>3</integer>
        <key>Indentation</key><integer>1</integer>
    </dict>
    <key>57</key><dict>
        <key>Filename</key><string>/Applications/Inform.app/Contents/Resources/Internal/Extensions/graham nelson/standard rules.i7x</string>
        <key>Line</key><integer>4664</integer>
        <key>Title</key><string>Section SR5/1/1 - Saying - Values</string>
        <key>Level</key><integer>5</integer>
        <key>Indentation</key><integer>2</integer>
    </dict>
    <key>58</key><dict>
        <key>Filename</key><string>/Applications/Inform.app/Contents/Resources/Internal/Extensions/graham nelson/standard rules.i7x</string>
        <key>Line</key><integer>4680</integer>
        <key>Title</key><string>Section SR5/1/2 - Saying - Names with articles</string>
        <key>Level</key><integer>5</integer>
        <key>Indentation</key><integer>2</integer>
    </dict>
    <key>59</key><dict>
        <key>Filename</key><string>/Applications/Inform.app/Contents/Resources/Internal/Extensions/graham nelson/standard rules.i7x</string>
        <key>Line</key><integer>4701</integer>
        <key>Title</key><string>Section SR5/1/3 - Saying - Say if and otherwise</string>
        <key>Level</key><integer>5</integer>
        <key>Indentation</key><integer>2</integer>
    </dict>
    <key>60</key><dict>
        <key>Filename</key><string>/Applications/Inform.app/Contents/Resources/Internal/Extensions/graham nelson/standard rules.i7x</string>
        <key>Line</key><integer>4736</integer>
        <key>Title</key><string>Section SR5/1/4 - Saying - Say one of</string>
        <key>Level</key><integer>5</integer>
        <key>Indentation</key><integer>2</integer>
    </dict>
    <key>61</key><dict>
        <key>Filename</key><string>/Applications/Inform.app/Contents/Resources/Internal/Extensions/graham nelson/standard rules.i7x</string>
        <key>Line</key><integer>4779</integer>
        <key>Title</key><string>Section SR5/1/5 - Saying - Paragraph control</string>
        <key>Level</key><integer>5</integer>
        <key>Indentation</key><integer>2</integer>
    </dict>
    <key>62</key><dict>
        <key>Filename</key><string>/Applications/Inform.app/Contents/Resources/Internal/Extensions/graham nelson/standard rules.i7x</string>
        <key>Line</key><integer>4805</integer>
        <key>Title</key><string>Section SR5/1/6 - Saying - Special characters</string>
        <key>Level</key><integer>5</integer>
        <key>Indentation</key><integer>2</integer>
    </dict>
    <key>63</key><dict>
        <key>Filename</key><string>/Applications/Inform.app/Contents/Resources/Internal/Extensions/graham nelson/standard rules.i7x</string>
        <key>Line</key><integer>4820</integer>
        <key>Title</key><string>Section SR5/1/7 - Saying - Fonts and visual effects</string>
        <key>Level</key><integer>5</integer>
        <key>Indentation</key><integer>2</integer>
    </dict>
    <key>64</key><dict>
        <key>Filename</key><string>/Applications/Inform.app/Contents/Resources/Internal/Extensions/graham nelson/standard rules.i7x</string>
        <key>Line</key><integer>4841</integer>
        <key>Title</key><string>Section SR5/1/8 - Saying - Some built-in texts</string>
        <key>Level</key><integer>5</integer>
        <key>Indentation</key><integer>2</integer>
    </dict>
    <key>65</key><dict>
        <key>Filename</key><string>/Applications/Inform.app/Contents/Resources/Internal/Extensions/graham nelson/standard rules.i7x</string>
        <key>Line</key><integer>4856</integer>
        <key>Title</key><string>Section SR5/1/9 - Saying - Saying lists of things</string>
        <key>Level</key><integer>5</integer>
        <key>Indentation</key><integer>2</integer>
    </dict>
    <key>66</key><dict>
        <key>Filename</key><string>/Applications/Inform.app/Contents/Resources/Internal/Extensions/graham nelson/standard rules.i7x</string>
        <key>Line</key><integer>4963</integer>
        <key>Title</key><string>Section SR5/1/10 - Saying - Group in and omit from lists</string>
        <key>Level</key><integer>5</integer>
        <key>Indentation</key><integer>2</integer>
    </dict>
    <key>67</key><dict>
        <key>Filename</key><string>/Applications/Inform.app/Contents/Resources/Internal/Extensions/graham nelson/standard rules.i7x</string>
        <key>Line</key><integer>4990</integer>
        <key>Title</key><string>Section SR5/1/11 - Saying - Lists of values</string>
        <key>Level</key><integer>5</integer>
        <key>Indentation</key><integer>2</integer>
    </dict>
    <key>68</key><dict>
        <key>Filename</key><string>/Applications/Inform.app/Contents/Resources/Internal/Extensions/graham nelson/standard rules.i7x</string>
        <key>Line</key><integer>5002</integer>
        <key>Title</key><string>Section SR5/1/12 - Saying - Filtering contents - Unindexed</string>
        <key>Level</key><integer>5</integer>
        <key>Indentation</key><integer>2</integer>
    </dict>
    <key>69</key><dict>
        <key>Filename</key><string>/Applications/Inform.app/Contents/Resources/Internal/Extensions/graham nelson/standard rules.i7x</string>
        <key>Line</key><integer>5009</integer>
        <key>Title</key><string>Section SR5/1/13 - Saying - Responses</string>
        <key>Level</key><integer>5</integer>
        <key>Indentation</key><integer>2</integer>
    </dict>
    <key>70</key><dict>
        <key>Filename</key><string>/Applications/Inform.app/Contents/Resources/Internal/Extensions/graham nelson/standard rules.i7x</string>
        <key>Line</key><integer>5015</integer>
        <key>Title</key><string>Section SR5/2/1 - Values - Making conditions true</string>
        <key>Level</key><integer>5</integer>
        <key>Indentation</key><integer>2</integer>
    </dict>
    <key>71</key><dict>
        <key>Filename</key><string>/Applications/Inform.app/Contents/Resources/Internal/Extensions/graham nelson/standard rules.i7x</string>
        <key>Line</key><integer>5021</integer>
        <key>Title</key><string>Section SR5/2/2 - Values - Giving values temporary names</string>
        <key>Level</key><integer>5</integer>
        <key>Indentation</key><integer>2</integer>
    </dict>
    <key>72</key><dict>
        <key>Filename</key><string>/Applications/Inform.app/Contents/Resources/Internal/Extensions/graham nelson/standard rules.i7x</string>
        <key>Line</key><integer>5078</integer>
        <key>Title</key><string>Section SR5/2/4 - Values - Arithmetic</string>
        <key>Level</key><integer>5</integer>
        <key>Indentation</key><integer>2</integer>
    </dict>
    <key>73</key><dict>
        <key>Filename</key><string>/Applications/Inform.app/Contents/Resources/Internal/Extensions/graham nelson/standard rules.i7x</string>
        <key>Line</key><integer>5139</integer>
        <key>Title</key><string>Section SR5/2/4a - Values - Real Arithmetic (for Glulx only)</string>
        <key>Level</key><integer>5</integer>
        <key>Indentation</key><integer>2</integer>
    </dict>
    <key>74</key><dict>
        <key>Filename</key><string>/Applications/Inform.app/Contents/Resources/Internal/Extensions/graham nelson/standard rules.i7x</string>
        <key>Line</key><integer>5201</integer>
        <key>Title</key><string>Section SR5/2/4a - Values - Trigonometry (for Glulx only)</string>
        <key>Level</key><integer>5</integer>
        <key>Indentation</key><integer>2</integer>
    </dict>
    <key>75</key><dict>
        <key>Filename</key><string>/Applications/Inform.app/Contents/Resources/Internal/Extensions/graham nelson/standard rules.i7x</string>
        <key>Line</key><integer>5232</integer>
        <key>Title</key><string>Section SR5/2/4a - Values - Hyperbolic functions (for Glulx only)</string>
        <key>Level</key><integer>5</integer>
        <key>Indentation</key><integer>2</integer>
    </dict>
    <key>76</key><dict>
        <key>Filename</key><string>/Applications/Inform.app/Contents/Resources/Internal/Extensions/graham nelson/standard rules.i7x</string>
        <key>Line</key><integer>5262</integer>
        <key>Title</key><string>Section SR5/2/5 - Values - Enumerations</string>
        <key>Level</key><integer>5</integer>
        <key>Indentation</key><integer>2</integer>
    </dict>
    <key>77</key><dict>
        <key>Filename</key><string>/Applications/Inform.app/Contents/Resources/Internal/Extensions/graham nelson/standard rules.i7x</string>
        <key>Line</key><integer>5280</integer>
        <key>Title</key><string>Section SR5/2/6 - Values - Truth states</string>
        <key>Level</key><integer>5</integer>
        <key>Indentation</key><integer>2</integer>
    </dict>
    <key>78</key><dict>
        <key>Filename</key><string>/Applications/Inform.app/Contents/Resources/Internal/Extensions/graham nelson/standard rules.i7x</string>
        <key>Line</key><integer>5286</integer>
        <key>Title</key><string>Section SR5/2/7 - Values - Randomness</string>
        <key>Level</key><integer>5</integer>
        <key>Indentation</key><integer>2</integer>
    </dict>
    <key>79</key><dict>
        <key>Filename</key><string>/Applications/Inform.app/Contents/Resources/Internal/Extensions/graham nelson/standard rules.i7x</string>
        <key>Line</key><integer>5310</integer>
        <key>Title</key><string>Section SR5/2/8 - Values - Tables</string>
        <key>Level</key><integer>5</integer>
        <key>Indentation</key><integer>2</integer>
    </dict>
    <key>80</key><dict>
        <key>Filename</key><string>/Applications/Inform.app/Contents/Resources/Internal/Extensions/graham nelson/standard rules.i7x</string>
        <key>Line</key><integer>5365</integer>
        <key>Title</key><string>Section SR5/2/9 - Values - Sorting tables</string>
        <key>Level</key><integer>5</integer>
        <key>Indentation</key><integer>2</integer>
    </dict>
    <key>81</key><dict>
        <key>Filename</key><string>/Applications/Inform.app/Contents/Resources/Internal/Extensions/graham nelson/standard rules.i7x</string>
        <key>Line</key><integer>5377</integer>
        <key>Title</key><string>Section SR5/2/10 - Values - Breaking down text</string>
        <key>Level</key><integer>5</integer>
        <key>Indentation</key><integer>2</integer>
    </dict>
    <key>82</key><dict>
        <key>Filename</key><string>/Applications/Inform.app/Contents/Resources/Internal/Extensions/graham nelson/standard rules.i7x</string>
        <key>Line</key><integer>5421</integer>
        <key>Title</key><string>Section SR5/2/11 - Values - Matching text</string>
        <key>Level</key><integer>5</integer>
        <key>Indentation</key><integer>2</integer>
    </dict>
    <key>83</key><dict>
        <key>Filename</key><string>/Applications/Inform.app/Contents/Resources/Internal/Extensions/graham nelson/standard rules.i7x</string>
        <key>Line</key><integer>5455</integer>
        <key>Title</key><string>Section SR5/2/12 - Values - Replacing text</string>
        <key>Level</key><integer>5</integer>
        <key>Indentation</key><integer>2</integer>
    </dict>
    <key>84</key><dict>
        <key>Filename</key><string>/Applications/Inform.app/Contents/Resources/Internal/Extensions/graham nelson/standard rules.i7x</string>
        <key>Line</key><integer>5499</integer>
        <key>Title</key><string>Section SR5/2/13 - Values - Casing of text</string>
        <key>Level</key><integer>5</integer>
        <key>Indentation</key><integer>2</integer>
    </dict>
    <key>85</key><dict>
        <key>Filename</key><string>/Applications/Inform.app/Contents/Resources/Internal/Extensions/graham nelson/standard rules.i7x</string>
        <key>Line</key><integer>5520</integer>
        <key>Title</key><string>Section SR5/2/14 - Values - Adaptive text</string>
        <key>Level</key><integer>5</integer>
        <key>Indentation</key><integer>2</integer>
    </dict>
    <key>86</key><dict>
        <key>Filename</key><string>/Applications/Inform.app/Contents/Resources/Internal/Extensions/graham nelson/standard rules.i7x</string>
        <key>Line</key><integer>5566</integer>
        <key>Title</key><string>Section SR5/2/15 - Values - Lists</string>
        <key>Level</key><integer>5</integer>
        <key>Indentation</key><integer>2</integer>
    </dict>
    <key>87</key><dict>
        <key>Filename</key><string>/Applications/Inform.app/Contents/Resources/Internal/Extensions/graham nelson/standard rules.i7x</string>
        <key>Line</key><integer>5618</integer>
        <key>Title</key><string>Section SR5/2/16 - Values - Length of lists</string>
        <key>Level</key><integer>5</integer>
        <key>Indentation</key><integer>2</integer>
    </dict>
    <key>88</key><dict>
        <key>Filename</key><string>/Applications/Inform.app/Contents/Resources/Internal/Extensions/graham nelson/standard rules.i7x</string>
        <key>Line</key><integer>5639</integer>
        <key>Title</key><string>Section SR5/2/17 - Values - Reversing and rotating lists</string>
        <key>Level</key><integer>5</integer>
        <key>Indentation</key><integer>2</integer>
    </dict>
    <key>89</key><dict>
        <key>Filename</key><string>/Applications/Inform.app/Contents/Resources/Internal/Extensions/graham nelson/standard rules.i7x</string>
        <key>Line</key><integer>5651</integer>
        <key>Title</key><string>Section SR5/2/18 - Values - Sorting lists</string>
        <key>Level</key><integer>5</integer>
        <key>Indentation</key><integer>2</integer>
    </dict>
    <key>90</key><dict>
        <key>Filename</key><string>/Applications/Inform.app/Contents/Resources/Internal/Extensions/graham nelson/standard rules.i7x</string>
        <key>Line</key><integer>5669</integer>
        <key>Title</key><string>Section SR5/2/19 - Values - Relations</string>
        <key>Level</key><integer>5</integer>
        <key>Indentation</key><integer>2</integer>
    </dict>
    <key>91</key><dict>
        <key>Filename</key><string>/Applications/Inform.app/Contents/Resources/Internal/Extensions/graham nelson/standard rules.i7x</string>
        <key>Line</key><integer>5739</integer>
        <key>Title</key><string>Section SR5/2/20 - Values - Functional programming</string>
        <key>Level</key><integer>5</integer>
        <key>Indentation</key><integer>2</integer>
    </dict>
    <key>92</key><dict>
        <key>Filename</key><string>/Applications/Inform.app/Contents/Resources/Internal/Extensions/graham nelson/standard rules.i7x</string>
        <key>Line</key><integer>5818</integer>
        <key>Title</key><string>Section SR5/2/21 - Values - Files (for Glulx external files language element only)</string>
        <key>Level</key><integer>5</integer>
        <key>Indentation</key><integer>2</integer>
    </dict>
    <key>93</key><dict>
        <key>Filename</key><string>/Applications/Inform.app/Contents/Resources/Internal/Extensions/graham nelson/standard rules.i7x</string>
        <key>Line</key><integer>5848</integer>
        <key>Title</key><string>Section SR5/2/22 - Values - Figures (for figures language element only)</string>
        <key>Level</key><integer>5</integer>
        <key>Indentation</key><integer>2</integer>
    </dict>
    <key>94</key><dict>
        <key>Filename</key><string>/Applications/Inform.app/Contents/Resources/Internal/Extensions/graham nelson/standard rules.i7x</string>
        <key>Line</key><integer>5857</integer>
        <key>Title</key><string>Section SR5/2/23 - Values - Sound effects (for sounds language element only)</string>
        <key>Level</key><integer>5</integer>
        <key>Indentation</key><integer>2</integer>
    </dict>
    <key>95</key><dict>
        <key>Filename</key><string>/Applications/Inform.app/Contents/Resources/Internal/Extensions/graham nelson/standard rules.i7x</string>
        <key>Line</key><integer>5866</integer>
        <key>Title</key><string>Section SR5/3/1 - Control phrases - If and unless</string>
        <key>Level</key><integer>5</integer>
        <key>Indentation</key><integer>2</integer>
    </dict>
    <key>96</key><dict>
        <key>Filename</key><string>/Applications/Inform.app/Contents/Resources/Internal/Extensions/graham nelson/standard rules.i7x</string>
        <key>Line</key><integer>5879</integer>
        <key>Title</key><string>Section SR5/3/2 - Control phrases - While</string>
        <key>Level</key><integer>5</integer>
        <key>Indentation</key><integer>2</integer>
    </dict>
    <key>97</key><dict>
        <key>Filename</key><string>/Applications/Inform.app/Contents/Resources/Internal/Extensions/graham nelson/standard rules.i7x</string>
        <key>Line</key><integer>5885</integer>
        <key>Title</key><string>Section SR5/3/3 - Control phrases - Repeat</string>
        <key>Level</key><integer>5</integer>
        <key>Indentation</key><integer>2</integer>
    </dict>
    <key>98</key><dict>
        <key>Filename</key><string>/Applications/Inform.app/Contents/Resources/Internal/Extensions/graham nelson/standard rules.i7x</string>
        <key>Line</key><integer>5943</integer>
        <key>Title</key><string>Section SR5/3/6 - Control phrases - Changing the flow of loops</string>
        <key>Level</key><integer>5</integer>
        <key>Indentation</key><integer>2</integer>
    </dict>
    <key>99</key><dict>
        <key>Filename</key><string>/Applications/Inform.app/Contents/Resources/Internal/Extensions/graham nelson/standard rules.i7x</string>
        <key>Line</key><integer>5952</integer>
        <key>Title</key><string>Section SR5/3/7 - Control phrases - Deciding outcomes</string>
        <key>Level</key><integer>5</integer>
        <key>Indentation</key><integer>2</integer>
    </dict>
    <key>100</key><dict>
        <key>Filename</key><string>/Applications/Inform.app/Contents/Resources/Internal/Extensions/graham nelson/standard rules.i7x</string>
        <key>Line</key><integer>5971</integer>
        <key>Title</key><string>Section SR5/3/8 - Control phrases - Stop or go</string>
        <key>Level</key><integer>5</integer>
        <key>Indentation</key><integer>2</integer>
    </dict>
    <key>101</key><dict>
        <key>Filename</key><string>/Applications/Inform.app/Contents/Resources/Internal/Extensions/graham nelson/standard rules.i7x</string>
        <key>Line</key><integer>5978</integer>
        <key>Title</key><string>Section SR5/4/1 - Actions, activities and rules - Trying actions</string>
        <key>Level</key><integer>5</integer>
        <key>Indentation</key><integer>2</integer>
    </dict>
    <key>102</key><dict>
        <key>Filename</key><string>/Applications/Inform.app/Contents/Resources/Internal/Extensions/graham nelson/standard rules.i7x</string>
        <key>Line</key><integer>5992</integer>
        <key>Title</key><string>Section SR5/4/2 - Actions, activities and rules - Action requirements</string>
        <key>Level</key><integer>5</integer>
        <key>Indentation</key><integer>2</integer>
    </dict>
    <key>103</key><dict>
        <key>Filename</key><string>/Applications/Inform.app/Contents/Resources/Internal/Extensions/graham nelson/standard rules.i7x</string>
        <key>Line</key><integer>6010</integer>
        <key>Title</key><string>Section SR5/4/3 - Actions, activities and rules - Stop or continue</string>
        <key>Level</key><integer>5</integer>
        <key>Indentation</key><integer>2</integer>
    </dict>
    <key>104</key><dict>
        <key>Filename</key><string>/Applications/Inform.app/Contents/Resources/Internal/Extensions/graham nelson/standard rules.i7x</string>
        <key>Line</key><integer>6019</integer>
        <key>Title</key><string>Section SR5/4/4 - Actions, activities and rules - Actions as values</string>
        <key>Level</key><integer>5</integer>
        <key>Indentation</key><integer>2</integer>
    </dict>
    <key>105</key><dict>
        <key>Filename</key><string>/Applications/Inform.app/Contents/Resources/Internal/Extensions/graham nelson/standard rules.i7x</string>
        <key>Line</key><integer>6043</integer>
        <key>Title</key><string>Section SR5/4/5 - Actions, activities and rules - Carrying out activities</string>
        <key>Level</key><integer>5</integer>
        <key>Indentation</key><integer>2</integer>
    </dict>
    <key>106</key><dict>
        <key>Filename</key><string>/Applications/Inform.app/Contents/Resources/Internal/Extensions/graham nelson/standard rules.i7x</string>
        <key>Line</key><integer>6056</integer>
        <key>Title</key><string>Section SR5/4/6 - Actions, activities and rules - Advanced activities</string>
        <key>Level</key><integer>5</integer>
        <key>Indentation</key><integer>2</integer>
    </dict>
    <key>107</key><dict>
        <key>Filename</key><string>/Applications/Inform.app/Contents/Resources/Internal/Extensions/graham nelson/standard rules.i7x</string>
        <key>Line</key><integer>6083</integer>
        <key>Title</key><string>Section SR5/4/7 - Actions, activities and rules - Following rules</string>
        <key>Level</key><integer>5</integer>
        <key>Indentation</key><integer>2</integer>
    </dict>
    <key>108</key><dict>
        <key>Filename</key><string>/Applications/Inform.app/Contents/Resources/Internal/Extensions/graham nelson/standard rules.i7x</string>
        <key>Line</key><integer>6135</integer>
        <key>Title</key><string>Section SR5/4/8 - Actions, activities and rules - Success and failure</string>
        <key>Level</key><integer>5</integer>
        <key>Indentation</key><integer>2</integer>
    </dict>
    <key>109</key><dict>
        <key>Filename</key><string>/Applications/Inform.app/Contents/Resources/Internal/Extensions/graham nelson/standard rules.i7x</string>
        <key>Line</key><integer>6158</integer>
        <key>Title</key><string>Section SR5/5/1 - Model world - Ending the story</string>
        <key>Level</key><integer>5</integer>
        <key>Indentation</key><integer>2</integer>
    </dict>
    <key>110</key><dict>
        <key>Filename</key><string>/Applications/Inform.app/Contents/Resources/Internal/Extensions/graham nelson/standard rules.i7x</string>
        <key>Line</key><integer>6188</integer>
        <key>Title</key><string>Section SR5/5/2 - Model world - Times of day</string>
        <key>Level</key><integer>5</integer>
        <key>Indentation</key><integer>2</integer>
    </dict>
    <key>111</key><dict>
        <key>Filename</key><string>/Applications/Inform.app/Contents/Resources/Internal/Extensions/graham nelson/standard rules.i7x</string>
        <key>Line</key><integer>6210</integer>
        <key>Title</key><string>Section SR5/5/3 - Model world - Durations</string>
        <key>Level</key><integer>5</integer>
        <key>Indentation</key><integer>2</integer>
    </dict>
    <key>112</key><dict>
        <key>Filename</key><string>/Applications/Inform.app/Contents/Resources/Internal/Extensions/graham nelson/standard rules.i7x</string>
        <key>Line</key><integer>6219</integer>
        <key>Title</key><string>Section SR5/5/4 - Model world - Timed events</string>
        <key>Level</key><integer>5</integer>
        <key>Indentation</key><integer>2</integer>
    </dict>
    <key>113</key><dict>
        <key>Filename</key><string>/Applications/Inform.app/Contents/Resources/Internal/Extensions/graham nelson/standard rules.i7x</string>
        <key>Line</key><integer>6231</integer>
        <key>Title</key><string>Section SR5/5/5 - Model world - Scenes</string>
        <key>Level</key><integer>5</integer>
        <key>Indentation</key><integer>2</integer>
    </dict>
    <key>114</key><dict>
        <key>Filename</key><string>/Applications/Inform.app/Contents/Resources/Internal/Extensions/graham nelson/standard rules.i7x</string>
        <key>Line</key><integer>6246</integer>
        <key>Title</key><string>Section SR5/5/6 - Model world - Timing of scenes</string>
        <key>Level</key><integer>5</integer>
        <key>Indentation</key><integer>2</integer>
    </dict>
    <key>115</key><dict>
        <key>Filename</key><string>/Applications/Inform.app/Contents/Resources/Internal/Extensions/graham nelson/standard rules.i7x</string>
        <key>Line</key><integer>6261</integer>
        <key>Title</key><string>Section SR5/5/7 - Model world - Player's identity and location</string>
        <key>Level</key><integer>5</integer>
        <key>Indentation</key><integer>2</integer>
    </dict>
    <key>116</key><dict>
        <key>Filename</key><string>/Applications/Inform.app/Contents/Resources/Internal/Extensions/graham nelson/standard rules.i7x</string>
        <key>Line</key><integer>6267</integer>
        <key>Title</key><string>Section SR5/5/8 - Model world - Moving and removing things</string>
        <key>Level</key><integer>5</integer>
        <key>Indentation</key><integer>2</integer>
    </dict>
    <key>117</key><dict>
        <key>Filename</key><string>/Applications/Inform.app/Contents/Resources/Internal/Extensions/graham nelson/standard rules.i7x</string>
        <key>Line</key><integer>6285</integer>
        <key>Title</key><string>Section SR5/5/9 - Model world - The map</string>
        <key>Level</key><integer>5</integer>
        <key>Indentation</key><integer>2</integer>
    </dict>
    <key>118</key><dict>
        <key>Filename</key><string>/Applications/Inform.app/Contents/Resources/Internal/Extensions/graham nelson/standard rules.i7x</string>
        <key>Line</key><integer>6318</integer>
        <key>Title</key><string>Section SR5/5/10 - Model world - Route-finding</string>
        <key>Level</key><integer>5</integer>
        <key>Indentation</key><integer>2</integer>
    </dict>
    <key>119</key><dict>
        <key>Filename</key><string>/Applications/Inform.app/Contents/Resources/Internal/Extensions/graham nelson/standard rules.i7x</string>
        <key>Line</key><integer>6339</integer>
        <key>Title</key><string>Section SR5/5/11 - Model world - The object tree</string>
        <key>Level</key><integer>5</integer>
        <key>Indentation</key><integer>2</integer>
    </dict>
    <key>120</key><dict>
        <key>Filename</key><string>/Applications/Inform.app/Contents/Resources/Internal/Extensions/graham nelson/standard rules.i7x</string>
        <key>Line</key><integer>6351</integer>
        <key>Title</key><string>Section SR5/6/1 - Understanding - Asking yes/no questions</string>
        <key>Level</key><integer>5</integer>
        <key>Indentation</key><integer>2</integer>
    </dict>
    <key>121</key><dict>
        <key>Filename</key><string>/Applications/Inform.app/Contents/Resources/Internal/Extensions/graham nelson/standard rules.i7x</string>
        <key>Line</key><integer>6357</integer>
        <key>Title</key><string>Section SR5/6/2 - Understanding - The player's command</string>
        <key>Level</key><integer>5</integer>
        <key>Indentation</key><integer>2</integer>
    </dict>
    <key>122</key><dict>
        <key>Filename</key><string>/Applications/Inform.app/Contents/Resources/Internal/Extensions/graham nelson/standard rules.i7x</string>
        <key>Line</key><integer>6372</integer>
        <key>Title</key><string>Section SR5/6/3 - Understanding - Changing the player's command</string>
        <key>Level</key><integer>5</integer>
        <key>Indentation</key><integer>2</integer>
    </dict>
    <key>123</key><dict>
        <key>Filename</key><string>/Applications/Inform.app/Contents/Resources/Internal/Extensions/graham nelson/standard rules.i7x</string>
        <key>Line</key><integer>6387</integer>
        <key>Title</key><string>Section SR5/6/4 - Understanding - Scope and pronouns</string>
        <key>Level</key><integer>5</integer>
        <key>Indentation</key><integer>2</integer>
    </dict>
    <key>124</key><dict>
        <key>Filename</key><string>/Applications/Inform.app/Contents/Resources/Internal/Extensions/graham nelson/standard rules.i7x</string>
        <key>Line</key><integer>6399</integer>
        <key>Title</key><string>Section SR5/8/1 - Message support - Issuance - Unindexed</string>
        <key>Level</key><integer>5</integer>
        <key>Indentation</key><integer>2</integer>
    </dict>
    <key>125</key><dict>
        <key>Filename</key><string>/Applications/Inform.app/Contents/Resources/Internal/Extensions/graham nelson/standard rules.i7x</string>
        <key>Line</key><integer>6416</integer>
        <key>Title</key><string>Section SR5/9/1 - Miscellaneous other phrases - Unindexed</string>
        <key>Level</key><integer>5</integer>
        <key>Indentation</key><integer>2</integer>
    </dict>
    <key>126</key><dict>
        <key>Filename</key><string>/Applications/Inform.app/Contents/Resources/Internal/Extensions/graham nelson/english language.i7x</string>
        <key>Line</key><integer>1</integer>
        <key>Title</key><string>Version 1 of English Language by Graham Nelson begins here</string>
        <key>Level</key><integer>0</integer>
        <key>Indentation</key><integer>0</integer>
    </dict>
    <key>127</key><dict>
        <key>Filename</key><string>/Applications/Inform.app/Contents/Resources/Internal/Extensions/graham nelson/english language.i7x</string>
        <key>Line</key><integer>7</integer>
        <key>Title</key><string>Section 1 - Modal verbs and contractions</string>
        <key>Level</key><integer>5</integer>
        <key>Indentation</key><integer>1</integer>
    </dict>
    <key>128</key><dict>
        <key>Filename</key><string>/Applications/Inform.app/Contents/Resources/Internal/Extensions/graham nelson/english language.i7x</string>
        <key>Line</key><integer>31</integer>
        <key>Title</key><string>Section 1 - Grammatical definitions</string>
        <key>Level</key><integer>5</integer>
        <key>Indentation</key><integer>1</integer>
    </dict>
    <key>129</key><dict>
        <key>Filename</key><string>/Applications/Inform.app/Contents/Resources/Internal/Extensions/graham nelson/english language.i7x</string>
        <key>Line</key><integer>76</integer>
        <key>Title</key><string>Section 2 - Saying pronouns</string>
        <key>Level</key><integer>5</integer>
        <key>Indentation</key><integer>1</integer>
    </dict>
    <key>130</key><dict>
        <key>Filename</key><string>/Applications/Inform.app/Contents/Resources/Internal/Extensions/graham nelson/english language.i7x</string>
        <key>Line</key><integer>258</integer>
        <key>Title</key><string>Section 3 - Further pronouns</string>
        <key>Level</key><integer>5</integer>
        <key>Indentation</key><integer>1</integer>
    </dict>
    <key>131</key><dict>
        <key>Filename</key><string>/Applications/Inform.app/Contents/Resources/Internal/Extensions/emily short/locksmith.i7x</string>
        <key>Line</key><integer>1</integer>
        <key>Title</key><string>Version 12 of Locksmith by Emily Short begins here</string>
        <key>Level</key><integer>0</integer>
        <key>Indentation</key><integer>0</integer>
    </dict>
    <key>132</key><dict>
        <key>Filename</key><string>/Applications/Inform.app/Contents/Resources/Internal/Extensions/emily short/locksmith.i7x</string>
        <key>Line</key><integer>9</integer>
        <key>Title</key><string>Volume 1 - Automatic locking and unlocking with necessary actions</string>
        <key>Level</key><integer>1</integer>
        <key>Indentation</key><integer>1</integer>
    </dict>
    <key>133</key><dict>
        <key>Filename</key><string>/Applications/Inform.app/Contents/Resources/Internal/Extensions/emily short/locksmith.i7x</string>
        <key>Line</key><integer>61</integer>
        <key>Title</key><string>Volume 2 - Default locking and unlocking</string>
        <key>Level</key><integer>1</integer>
        <key>Indentation</key><integer>1</integer>
    </dict>
    <key>134</key><dict>
        <key>Filename</key><string>/Applications/Inform.app/Contents/Resources/Internal/Extensions/emily short/locksmith.i7x</string>
        <key>Line</key><integer>63</integer>
        <key>Title</key><string>Part 1 - The matching key rule</string>
        <key>Level</key><integer>3</integer>
        <key>Indentation</key><integer>2</integer>
    </dict>
    <key>135</key><dict>
        <key>Filename</key><string>/Applications/Inform.app/Contents/Resources/Internal/Extensions/emily short/locksmith.i7x</string>
        <key>Line</key><integer>89</integer>
        <key>Title</key><string>Part 2 - Unlocking</string>
        <key>Level</key><integer>3</integer>
        <key>Indentation</key><integer>2</integer>
    </dict>
    <key>136</key><dict>
        <key>Filename</key><string>/Applications/Inform.app/Contents/Resources/Internal/Extensions/emily short/locksmith.i7x</string>
        <key>Line</key><integer>91</integer>
        <key>Title</key><string>Section 1 - Regular unlocking</string>
        <key>Level</key><integer>5</integer>
        <key>Indentation</key><integer>3</integer>
    </dict>
    <key>137</key><dict>
        <key>Filename</key><string>/Applications/Inform.app/Contents/Resources/Internal/Extensions/emily short/locksmith.i7x</string>
        <key>Line</key><integer>115</integer>
        <key>Title</key><string>Section 2 - Keylessly</string>
        <key>Level</key><integer>5</integer>
        <key>Indentation</key><integer>3</integer>
    </dict>
    <key>138</key><dict>
        <key>Filename</key><string>/Applications/Inform.app/Contents/Resources/Internal/Extensions/emily short/locksmith.i7x</string>
        <key>Line</key><integer>139</integer>
        <key>Title</key><string>Part 3 - Locking</string>
        <key>Level</key><integer>3</integer>
        <key>Indentation</key><integer>2</integer>
    </dict>
    <key>139</key><dict>
        <key>Filename</key><string>/Applications/Inform.app/Contents/Resources/Internal/Extensions/emily short/locksmith.i7x</string>
        <key>Line</key><integer>141</integer>
        <key>Title</key><string>Section 1 - Regular locking</string>
        <key>Level</key><integer>5</integer>
        <key>Indentation</key><integer>3</integer>
    </dict>
    <key>140</key><dict>
        <key>Filename</key><string>/Applications/Inform.app/Contents/Resources/Internal/Extensions/emily short/locksmith.i7x</string>
        <key>Line</key><integer>154</integer>
        <key>Title</key><string>Section 2 - Keylessly</string>
        <key>Level</key><integer>5</integer>
        <key>Indentation</key><integer>3</integer>
    </dict>
    <key>141</key><dict>
        <key>Filename</key><string>/Applications/Inform.app/Contents/Resources/Internal/Extensions/emily short/locksmith.i7x</string>
        <key>Line</key><integer>178</integer>
        <key>Title</key><string>Volume 3 - The Passkey kind, needed only if you want keys to name themselves</string>
        <key>Level</key><integer>1</integer>
        <key>Indentation</key><integer>1</integer>
    </dict>
    <key>142</key><dict>
        <key>Filename</key><string>/Applications/Inform.app/Contents/Resources/Internal/Extensions/emily short/locksmith.i7x</string>
        <key>Line</key><integer>211</integer>
        <key>Title</key><string>Volume 4 - The Keychain kind, needed only if you want a keychain</string>
        <key>Level</key><integer>1</integer>
        <key>Indentation</key><integer>1</integer>
    </dict>
    <key>143</key><dict>
        <key>Filename</key><string>/Applications/Inform.app/Contents/Resources/Internal/Extensions/emily short/locksmith.i7x</string>
        <key>Line</key><integer>235</integer>
        <key>Title</key><string>Volume 5 - Support Materials</string>
        <key>Level</key><integer>1</integer>
        <key>Indentation</key><integer>1</integer>
    </dict>
    <key>144</key><dict>
        <key>Filename</key><string>/Applications/Inform.app/Contents/Resources/Internal/Extensions/emily short/locksmith.i7x</string>
        <key>Line</key><integer>289</integer>
        <key>Title</key><string>Volume 6 - Unlocking all - Not for release</string>
        <key>Level</key><integer>1</integer>
        <key>Indentation</key><integer>1</integer>
    </dict>
    <key>145</key><dict>
        <key>Filename</key><string>/Applications/Inform.app/Contents/Resources/Internal/Extensions/emily short/basic help menu.i7x</string>
        <key>Line</key><integer>1</integer>
        <key>Title</key><string>Basic Help Menu by Emily Short begins here</string>
        <key>Level</key><integer>0</integer>
        <key>Indentation</key><integer>0</integer>
    </dict>
    <key>146</key><dict>
        <key>Filename</key><string>/Users/colesarar/Library/Inform/Extensions/gavin lambert/exit lister.i7x</string>
        <key>Line</key><integer>1</integer>
        <key>Title</key><string>Version 3 of Exit Lister by Gavin Lambert begins here</string>
        <key>Level</key><integer>0</integer>
        <key>Indentation</key><integer>0</integer>
    </dict>
    <key>147</key><dict>
        <key>Filename</key><string>/Users/colesarar/Library/Inform/Extensions/gavin lambert/exit lister.i7x</string>
        <key>Line</key><integer>7</integer>
        <key>Title</key><string>Section 1 - Text</string>
        <key>Level</key><integer>5</integer>
        <key>Indentation</key><integer>1</integer>
    </dict>
    <key>148</key><dict>
        <key>Filename</key><string>/Users/colesarar/Library/Inform/Extensions/gavin lambert/exit lister.i7x</string>
        <key>Line</key><integer>15</integer>
        <key>Title</key><string>Section 2 - Preferences</string>
        <key>Level</key><integer>5</integer>
        <key>Indentation</key><integer>1</integer>
    </dict>
    <key>149</key><dict>
        <key>Filename</key><string>/Users/colesarar/Library/Inform/Extensions/gavin lambert/exit lister.i7x</string>
        <key>Line</key><integer>29</integer>
        <key>Title</key><string>Section 3 - Listing Exits</string>
        <key>Level</key><integer>5</integer>
        <key>Indentation</key><integer>1</integer>
    </dict>
    <key>150</key><dict>
        <key>Filename</key><string>/Users/colesarar/Library/Inform/Extensions/gavin lambert/exit lister.i7x</string>
        <key>Line</key><integer>85</integer>
        <key>Title</key><string>Section 4 - Player Rules</string>
        <key>Level</key><integer>5</integer>
        <key>Indentation</key><integer>1</integer>
    </dict>
    <key>151</key><dict>
        <key>Filename</key><string>/Users/colesarar/Library/Inform/Extensions/gavin lambert/exit lister.i7x</string>
        <key>Line</key><integer>106</integer>
        <key>Title</key><string>Section 5a - Secret Doors (for use with Secret Doors by Andrew Owen)</string>
        <key>Level</key><integer>5</integer>
        <key>Indentation</key><integer>1</integer>
    </dict>
    <key>152</key><dict>
        <key>Filename</key><string>/Users/colesarar/Library/Inform/Extensions/gavin lambert/exit lister.i7x</string>
        <key>Line</key><integer>111</integer>
        <key>Title</key><string>Section 5b - Secret Doors (for use with Secret Doors by Gavin Lambert)</string>
        <key>Level</key><integer>5</integer>
        <key>Indentation</key><integer>1</integer>
    </dict>
    <key>153</key><dict>
        <key>Filename</key><string>/Users/colesarar/Library/Inform/Extensions/michael callaghan/questions.i7x</string>
        <key>Line</key><integer>1</integer>
        <key>Title</key><string>Version 5 of Questions (for Glulx only) by Michael Callaghan begins here</string>
        <key>Level</key><integer>0</integer>
        <key>Indentation</key><integer>0</integer>
    </dict>
    <key>154</key><dict>
        <key>Filename</key><string>/Users/colesarar/Library/Inform/Extensions/michael callaghan/questions.i7x</string>
        <key>Line</key><integer>5</integer>
        <key>Title</key><string>Chapter 1 - Global provisions for asking questions</string>
        <key>Level</key><integer>4</integer>
        <key>Indentation</key><integer>1</integer>
    </dict>
    <key>155</key><dict>
        <key>Filename</key><string>/Users/colesarar/Library/Inform/Extensions/michael callaghan/questions.i7x</string>
        <key>Line</key><integer>7</integer>
        <key>Title</key><string>Section 1 - Variables for asking questions</string>
        <key>Level</key><integer>5</integer>
        <key>Indentation</key><integer>2</integer>
    </dict>
    <key>156</key><dict>
        <key>Filename</key><string>/Users/colesarar/Library/Inform/Extensions/michael callaghan/questions.i7x</string>
        <key>Line</key><integer>15</integer>
        <key>Title</key><string>Section 2 - Default command line prompts for asking questions</string>
        <key>Level</key><integer>5</integer>
        <key>Indentation</key><integer>2</integer>
    </dict>
    <key>157</key><dict>
        <key>Filename</key><string>/Users/colesarar/Library/Inform/Extensions/michael callaghan/questions.i7x</string>
        <key>Line</key><integer>35</integer>
        <key>Title</key><string>Section 3 - Flag to determine if the question is open or closed</string>
        <key>Level</key><integer>5</integer>
        <key>Indentation</key><integer>2</integer>
    </dict>
    <key>158</key><dict>
        <key>Filename</key><string>/Users/colesarar/Library/Inform/Extensions/michael callaghan/questions.i7x</string>
        <key>Line</key><integer>39</integer>
        <key>Title</key><string>Section 4 - Phrase used to ask questions in closed mode</string>
        <key>Level</key><integer>5</integer>
        <key>Indentation</key><integer>2</integer>
    </dict>
    <key>159</key><dict>
        <key>Filename</key><string>/Users/colesarar/Library/Inform/Extensions/michael callaghan/questions.i7x</string>
        <key>Line</key><integer>86</integer>
        <key>Title</key><string>Section 5 - Phrase used to ask questions in open mode</string>
        <key>Level</key><integer>5</integer>
        <key>Indentation</key><integer>2</integer>
    </dict>
    <key>160</key><dict>
        <key>Filename</key><string>/Users/colesarar/Library/Inform/Extensions/michael callaghan/questions.i7x</string>
        <key>Line</key><integer>133</integer>
        <key>Title</key><string>Chapter 2 - Questions that require a number answer</string>
        <key>Level</key><integer>4</integer>
        <key>Indentation</key><integer>1</integer>
    </dict>
    <key>161</key><dict>
        <key>Filename</key><string>/Users/colesarar/Library/Inform/Extensions/michael callaghan/questions.i7x</string>
        <key>Line</key><integer>135</integer>
        <key>Title</key><string>Section 1 - Flag to set number question mode</string>
        <key>Level</key><integer>5</integer>
        <key>Indentation</key><integer>2</integer>
    </dict>
    <key>162</key><dict>
        <key>Filename</key><string>/Users/colesarar/Library/Inform/Extensions/michael callaghan/questions.i7x</string>
        <key>Line</key><integer>139</integer>
        <key>Title</key><string>Section 2 - Action for number questions</string>
        <key>Level</key><integer>5</integer>
        <key>Indentation</key><integer>2</integer>
    </dict>
    <key>163</key><dict>
        <key>Filename</key><string>/Users/colesarar/Library/Inform/Extensions/michael callaghan/questions.i7x</string>
        <key>Line</key><integer>146</integer>
        <key>Title</key><string>Section 3 - Rules for number questions</string>
        <key>Level</key><integer>5</integer>
        <key>Indentation</key><integer>2</integer>
    </dict>
    <key>164</key><dict>
        <key>Filename</key><string>/Users/colesarar/Library/Inform/Extensions/michael callaghan/questions.i7x</string>
        <key>Line</key><integer>162</integer>
        <key>Title</key><string>Section 4 - Processing number questions</string>
        <key>Level</key><integer>5</integer>
        <key>Indentation</key><integer>2</integer>
    </dict>
    <key>165</key><dict>
        <key>Filename</key><string>/Users/colesarar/Library/Inform/Extensions/michael callaghan/questions.i7x</string>
        <key>Line</key><integer>176</integer>
        <key>Title</key><string>Section 5 - To deactivate number question mode</string>
        <key>Level</key><integer>5</integer>
        <key>Indentation</key><integer>2</integer>
    </dict>
    <key>166</key><dict>
        <key>Filename</key><string>/Users/colesarar/Library/Inform/Extensions/michael callaghan/questions.i7x</string>
        <key>Line</key><integer>183</integer>
        <key>Title</key><string>Chapter 3 - Questions that require a real number answer</string>
        <key>Level</key><integer>4</integer>
        <key>Indentation</key><integer>1</integer>
    </dict>
    <key>167</key><dict>
        <key>Filename</key><string>/Users/colesarar/Library/Inform/Extensions/michael callaghan/questions.i7x</string>
        <key>Line</key><integer>185</integer>
        <key>Title</key><string>Section 1 - Flag to set real number question mode</string>
        <key>Level</key><integer>5</integer>
        <key>Indentation</key><integer>2</integer>
    </dict>
    <key>168</key><dict>
        <key>Filename</key><string>/Users/colesarar/Library/Inform/Extensions/michael callaghan/questions.i7x</string>
        <key>Line</key><integer>189</integer>
        <key>Title</key><string>Section 2 - Action for real number questions</string>
        <key>Level</key><integer>5</integer>
        <key>Indentation</key><integer>2</integer>
    </dict>
    <key>169</key><dict>
        <key>Filename</key><string>/Users/colesarar/Library/Inform/Extensions/michael callaghan/questions.i7x</string>
        <key>Line</key><integer>196</integer>
        <key>Title</key><string>Section 3 - Rules for real number questions</string>
        <key>Level</key><integer>5</integer>
        <key>Indentation</key><integer>2</integer>
    </dict>
    <key>170</key><dict>
        <key>Filename</key><string>/Users/colesarar/Library/Inform/Extensions/michael callaghan/questions.i7x</string>
        <key>Line</key><integer>212</integer>
        <key>Title</key><string>Section 4 - Processing real number questions</string>
        <key>Level</key><integer>5</integer>
        <key>Indentation</key><integer>2</integer>
    </dict>
    <key>171</key><dict>
        <key>Filename</key><string>/Users/colesarar/Library/Inform/Extensions/michael callaghan/questions.i7x</string>
        <key>Line</key><integer>226</integer>
        <key>Title</key><string>Section 5 - To deactivate real number question mode</string>
        <key>Level</key><integer>5</integer>
        <key>Indentation</key><integer>2</integer>
    </dict>
    <key>172</key><dict>
        <key>Filename</key><string>/Users/colesarar/Library/Inform/Extensions/michael callaghan/questions.i7x</string>
        <key>Line</key><integer>233</integer>
        <key>Title</key><string>Chapter 4 - Questions that require an answer from a menu</string>
        <key>Level</key><integer>4</integer>
        <key>Indentation</key><integer>1</integer>
    </dict>
    <key>173</key><dict>
        <key>Filename</key><string>/Users/colesarar/Library/Inform/Extensions/michael callaghan/questions.i7x</string>
        <key>Line</key><integer>235</integer>
        <key>Title</key><string>Section 1 - Flag to set menu question mode</string>
        <key>Level</key><integer>5</integer>
        <key>Indentation</key><integer>2</integer>
    </dict>
    <key>174</key><dict>
        <key>Filename</key><string>/Users/colesarar/Library/Inform/Extensions/michael callaghan/questions.i7x</string>
        <key>Line</key><integer>239</integer>
        <key>Title</key><string>Section 2 - Action for menu questions</string>
        <key>Level</key><integer>5</integer>
        <key>Indentation</key><integer>2</integer>
    </dict>
    <key>175</key><dict>
        <key>Filename</key><string>/Users/colesarar/Library/Inform/Extensions/michael callaghan/questions.i7x</string>
        <key>Line</key><integer>246</integer>
        <key>Title</key><string>Section 3 - Rules for menu questions</string>
        <key>Level</key><integer>5</integer>
        <key>Indentation</key><integer>2</integer>
    </dict>
    <key>176</key><dict>
        <key>Filename</key><string>/Users/colesarar/Library/Inform/Extensions/michael callaghan/questions.i7x</string>
        <key>Line</key><integer>266</integer>
        <key>Title</key><string>Section 4 - Processing menu questions</string>
        <key>Level</key><integer>5</integer>
        <key>Indentation</key><integer>2</integer>
    </dict>
    <key>177</key><dict>
        <key>Filename</key><string>/Users/colesarar/Library/Inform/Extensions/michael callaghan/questions.i7x</string>
        <key>Line</key><integer>280</integer>
        <key>Title</key><string>Section 5 - To deactivate menu question mode</string>
        <key>Level</key><integer>5</integer>
        <key>Indentation</key><integer>2</integer>
    </dict>
    <key>178</key><dict>
        <key>Filename</key><string>/Users/colesarar/Library/Inform/Extensions/michael callaghan/questions.i7x</string>
        <key>Line</key><integer>287</integer>
        <key>Title</key><string>Chapter 5 - Questions that require a yes/no answer</string>
        <key>Level</key><integer>4</integer>
        <key>Indentation</key><integer>1</integer>
    </dict>
    <key>179</key><dict>
        <key>Filename</key><string>/Users/colesarar/Library/Inform/Extensions/michael callaghan/questions.i7x</string>
        <key>Line</key><integer>289</integer>
        <key>Title</key><string>Section 1 - Flag to set yes/no question mode</string>
        <key>Level</key><integer>5</integer>
        <key>Indentation</key><integer>2</integer>
    </dict>
    <key>180</key><dict>
        <key>Filename</key><string>/Users/colesarar/Library/Inform/Extensions/michael callaghan/questions.i7x</string>
        <key>Line</key><integer>293</integer>
        <key>Title</key><string>Section 2 - Value for use with yes/no questions</string>
        <key>Level</key><integer>5</integer>
        <key>Indentation</key><integer>2</integer>
    </dict>
    <key>181</key><dict>
        <key>Filename</key><string>/Users/colesarar/Library/Inform/Extensions/michael callaghan/questions.i7x</string>
        <key>Line</key><integer>300</integer>
        <key>Title</key><string>Section 3 - Action for yes/no questions</string>
        <key>Level</key><integer>5</integer>
        <key>Indentation</key><integer>2</integer>
    </dict>
    <key>182</key><dict>
        <key>Filename</key><string>/Users/colesarar/Library/Inform/Extensions/michael callaghan/questions.i7x</string>
        <key>Line</key><integer>307</integer>
        <key>Title</key><string>Section 4 - Rules for yes/no questions</string>
        <key>Level</key><integer>5</integer>
        <key>Indentation</key><integer>2</integer>
    </dict>
    <key>183</key><dict>
        <key>Filename</key><string>/Users/colesarar/Library/Inform/Extensions/michael callaghan/questions.i7x</string>
        <key>Line</key><integer>323</integer>
        <key>Title</key><string>Section 5 - Processing yes/no questions</string>
        <key>Level</key><integer>5</integer>
        <key>Indentation</key><integer>2</integer>
    </dict>
    <key>184</key><dict>
        <key>Filename</key><string>/Users/colesarar/Library/Inform/Extensions/michael callaghan/questions.i7x</string>
        <key>Line</key><integer>337</integer>
        <key>Title</key><string>Section 6 - To deactivate yes/no question mode</string>
        <key>Level</key><integer>5</integer>
        <key>Indentation</key><integer>2</integer>
    </dict>
    <key>185</key><dict>
        <key>Filename</key><string>/Users/colesarar/Library/Inform/Extensions/michael callaghan/questions.i7x</string>
        <key>Line</key><integer>343</integer>
        <key>Title</key><string>Chapter 6 - Questions that require a gender answer</string>
        <key>Level</key><integer>4</integer>
        <key>Indentation</key><integer>1</integer>
    </dict>
    <key>186</key><dict>
        <key>Filename</key><string>/Users/colesarar/Library/Inform/Extensions/michael callaghan/questions.i7x</string>
        <key>Line</key><integer>345</integer>
        <key>Title</key><string>Section 1 - Flag to set gender question mode</string>
        <key>Level</key><integer>5</integer>
        <key>Indentation</key><integer>2</integer>
    </dict>
    <key>187</key><dict>
        <key>Filename</key><string>/Users/colesarar/Library/Inform/Extensions/michael callaghan/questions.i7x</string>
        <key>Line</key><integer>349</integer>
        <key>Title</key><string>Section 2 - Value for use with gender questions</string>
        <key>Level</key><integer>5</integer>
        <key>Indentation</key><integer>2</integer>
    </dict>
    <key>188</key><dict>
        <key>Filename</key><string>/Users/colesarar/Library/Inform/Extensions/michael callaghan/questions.i7x</string>
        <key>Line</key><integer>357</integer>
        <key>Title</key><string>Section 3 - Action for gender questions</string>
        <key>Level</key><integer>5</integer>
        <key>Indentation</key><integer>2</integer>
    </dict>
    <key>189</key><dict>
        <key>Filename</key><string>/Users/colesarar/Library/Inform/Extensions/michael callaghan/questions.i7x</string>
        <key>Line</key><integer>364</integer>
        <key>Title</key><string>Section 4 - Rules for gender questions</string>
        <key>Level</key><integer>5</integer>
        <key>Indentation</key><integer>2</integer>
    </dict>
    <key>190</key><dict>
        <key>Filename</key><string>/Users/colesarar/Library/Inform/Extensions/michael callaghan/questions.i7x</string>
        <key>Line</key><integer>380</integer>
        <key>Title</key><string>Section 5 - Processing gender questions</string>
        <key>Level</key><integer>5</integer>
        <key>Indentation</key><integer>2</integer>
    </dict>
    <key>191</key><dict>
        <key>Filename</key><string>/Users/colesarar/Library/Inform/Extensions/michael callaghan/questions.i7x</string>
        <key>Line</key><integer>394</integer>
        <key>Title</key><string>Section 6 - To deactivate gender question mode</string>
        <key>Level</key><integer>5</integer>
        <key>Indentation</key><integer>2</integer>
    </dict>
    <key>192</key><dict>
        <key>Filename</key><string>/Users/colesarar/Library/Inform/Extensions/michael callaghan/questions.i7x</string>
        <key>Line</key><integer>401</integer>
        <key>Title</key><string>Chapter 7 - Questions that require a text answer</string>
        <key>Level</key><integer>4</integer>
        <key>Indentation</key><integer>1</integer>
    </dict>
    <key>193</key><dict>
        <key>Filename</key><string>/Users/colesarar/Library/Inform/Extensions/michael callaghan/questions.i7x</string>
        <key>Line</key><integer>403</integer>
        <key>Title</key><string>Section 1 - Flag to set text question mode</string>
        <key>Level</key><integer>5</integer>
        <key>Indentation</key><integer>2</integer>
    </dict>
    <key>194</key><dict>
        <key>Filename</key><string>/Users/colesarar/Library/Inform/Extensions/michael callaghan/questions.i7x</string>
        <key>Line</key><integer>408</integer>
        <key>Title</key><string>Section 2 - Action for text questions</string>
        <key>Level</key><integer>5</integer>
        <key>Indentation</key><integer>2</integer>
    </dict>
    <key>195</key><dict>
        <key>Filename</key><string>/Users/colesarar/Library/Inform/Extensions/michael callaghan/questions.i7x</string>
        <key>Line</key><integer>415</integer>
        <key>Title</key><string>Section 3 - Rules for text questions</string>
        <key>Level</key><integer>5</integer>
        <key>Indentation</key><integer>2</integer>
    </dict>
    <key>196</key><dict>
        <key>Filename</key><string>/Users/colesarar/Library/Inform/Extensions/michael callaghan/questions.i7x</string>
        <key>Line</key><integer>431</integer>
        <key>Title</key><string>Section 4 - Processing text questions</string>
        <key>Level</key><integer>5</integer>
        <key>Indentation</key><integer>2</integer>
    </dict>
    <key>197</key><dict>
        <key>Filename</key><string>/Users/colesarar/Library/Inform/Extensions/michael callaghan/questions.i7x</string>
        <key>Line</key><integer>447</integer>
        <key>Title</key><string>Section 5 - To deactivate text question mode</string>
        <key>Level</key><integer>5</integer>
        <key>Indentation</key><integer>2</integer>
    </dict>
    <key>198</key><dict>
        <key>Filename</key><string>/Users/colesarar/Library/Inform/Extensions/michael callaghan/questions.i7x</string>
        <key>Line</key><integer>454</integer>
        <key>Title</key><string>Chapter 8 - To decide if we are in question mode</string>
        <key>Level</key><integer>4</integer>
        <key>Indentation</key><integer>1</integer>
    </dict>
    <key>199</key><dict>
        <key>Filename</key><string>/Users/colesarar/Library/Inform/Extensions/michael callaghan/questions.i7x</string>
        <key>Line</key><integer>456</integer>
        <key>Title</key><string>Section 1 - Basic decision (for use without Fixed Point Maths by Michael Callaghan)</string>
        <key>Level</key><integer>5</integer>
        <key>Indentation</key><integer>2</integer>
    </dict>
    <key>200</key><dict>
        <key>Filename</key><string>/Users/colesarar/Library/Inform/Extensions/michael callaghan/questions.i7x</string>
        <key>Line</key><integer>473</integer>
        <key>Title</key><string>Section 2 - Extended decision (for use with Fixed Point Maths by Michael Callaghan)</string>
        <key>Level</key><integer>5</integer>
        <key>Indentation</key><integer>2</integer>
    </dict>
    <key>201</key><dict>
        <key>Filename</key><string>/Applications/Inform.app/Contents/Resources/Internal/Extensions/eric eve/epistemology.i7x</string>
        <key>Line</key><integer>1</integer>
        <key>Title</key><string>Version 9 of Epistemology by Eric Eve begins here</string>
        <key>Level</key><integer>0</integer>
        <key>Indentation</key><integer>0</integer>
    </dict>
    <key>202</key><dict>
        <key>Filename</key><string>/Applications/Inform.app/Contents/Resources/Internal/Extensions/eric eve/epistemology.i7x</string>
        <key>Line</key><integer>5</integer>
        <key>Title</key><string>Book 1 - Sight</string>
        <key>Level</key><integer>2</integer>
        <key>Indentation</key><integer>1</integer>
    </dict>
    <key>203</key><dict>
        <key>Filename</key><string>/Applications/Inform.app/Contents/Resources/Internal/Extensions/eric eve/epistemology.i7x</string>
        <key>Line</key><integer>32</integer>
        <key>Title</key><string>Book 2 - Familiarity</string>
        <key>Level</key><integer>2</integer>
        <key>Indentation</key><integer>1</integer>
    </dict>
    <key>204</key><dict>
        <key>Filename</key><string>/Applications/Inform.app/Contents/Resources/Internal/Extensions/eric eve/epistemology.i7x</string>
        <key>Line</key><integer>34</integer>
        <key>Title</key><string>Chapter 1 - Basic Familiarity</string>
        <key>Level</key><integer>4</integer>
        <key>Indentation</key><integer>2</integer>
    </dict>
    <key>205</key><dict>
        <key>Filename</key><string>/Applications/Inform.app/Contents/Resources/Internal/Extensions/eric eve/epistemology.i7x</string>
        <key>Line</key><integer>46</integer>
        <key>Title</key><string>Chapter 2 - Subject (for use without Threaded Conversation by Emily Short)</string>
        <key>Level</key><integer>4</integer>
        <key>Indentation</key><integer>2</integer>
    </dict>
    <key>206</key><dict>
        <key>Filename</key><string>/Applications/Inform.app/Contents/Resources/Internal/Extensions/eric eve/epistemology.i7x</string>
        <key>Line</key><integer>52</integer>
        <key>Title</key><string>Chapter 3 - Familiarity of Subjects</string>
        <key>Level</key><integer>4</integer>
        <key>Indentation</key><integer>2</integer>
    </dict>
    <key>207</key><dict>
        <key>Filename</key><string>/Applications/Inform.app/Contents/Resources/Internal/Extensions/eric eve/epistemology.i7x</string>
        <key>Line</key><integer>56</integer>
        <key>Title</key><string>Book 3 - Testing commands - not for release</string>
        <key>Level</key><integer>2</integer>
        <key>Indentation</key><integer>1</integer>
    </dict>
    <key>208</key><dict>
        <key>Filename</key><string>/Users/colesarar/Library/Inform/Extensions/eric eve/conversation framework.i7x</string>
        <key>Line</key><integer>1</integer>
        <key>Title</key><string>Version 12 of Conversation Framework by Eric Eve begins here</string>
        <key>Level</key><integer>0</integer>
        <key>Indentation</key><integer>0</integer>
    </dict>
    <key>209</key><dict>
        <key>Filename</key><string>/Users/colesarar/Library/Inform/Extensions/eric eve/conversation framework.i7x</string>
        <key>Line</key><integer>5</integer>
        <key>Title</key><string>Book 0 - Includes</string>
        <key>Level</key><integer>2</integer>
        <key>Indentation</key><integer>1</integer>
    </dict>
    <key>210</key><dict>
        <key>Filename</key><string>/Users/colesarar/Library/Inform/Extensions/eric eve/conversation framework.i7x</string>
        <key>Line</key><integer>9</integer>
        <key>Title</key><string>Book 1 - Actions for asking and telling about things</string>
        <key>Level</key><integer>2</integer>
        <key>Indentation</key><integer>1</integer>
    </dict>
    <key>211</key><dict>
        <key>Filename</key><string>/Users/colesarar/Library/Inform/Extensions/eric eve/conversation framework.i7x</string>
        <key>Line</key><integer>11</integer>
        <key>Title</key><string>Chapter 1 - Action Definitions</string>
        <key>Level</key><integer>4</integer>
        <key>Indentation</key><integer>2</integer>
    </dict>
    <key>212</key><dict>
        <key>Filename</key><string>/Users/colesarar/Library/Inform/Extensions/eric eve/conversation framework.i7x</string>
        <key>Line</key><integer>13</integer>
        <key>Title</key><string>Section 1 - New actions and grammar</string>
        <key>Level</key><integer>5</integer>
        <key>Indentation</key><integer>3</integer>
    </dict>
    <key>213</key><dict>
        <key>Filename</key><string>/Users/colesarar/Library/Inform/Extensions/eric eve/conversation framework.i7x</string>
        <key>Line</key><integer>33</integer>
        <key>Title</key><string>Section 2 - Specifications</string>
        <key>Level</key><integer>5</integer>
        <key>Indentation</key><integer>3</integer>
    </dict>
    <key>214</key><dict>
        <key>Filename</key><string>/Users/colesarar/Library/Inform/Extensions/eric eve/conversation framework.i7x</string>
        <key>Line</key><integer>44</integer>
        <key>Title</key><string>Chapter 2 - Some useful default rules</string>
        <key>Level</key><integer>4</integer>
        <key>Indentation</key><integer>2</integer>
    </dict>
    <key>215</key><dict>
        <key>Filename</key><string>/Users/colesarar/Library/Inform/Extensions/eric eve/conversation framework.i7x</string>
        <key>Line</key><integer>59</integer>
        <key>Title</key><string>Book 2 - Abbreviated commands for addressing the current interlocutor</string>
        <key>Level</key><integer>2</integer>
        <key>Indentation</key><integer>1</integer>
    </dict>
    <key>216</key><dict>
        <key>Filename</key><string>/Users/colesarar/Library/Inform/Extensions/eric eve/conversation framework.i7x</string>
        <key>Line</key><integer>138</integer>
        <key>Title</key><string>Book 3 - Greeting Protocols</string>
        <key>Level</key><integer>2</integer>
        <key>Indentation</key><integer>1</integer>
    </dict>
    <key>217</key><dict>
        <key>Filename</key><string>/Users/colesarar/Library/Inform/Extensions/eric eve/conversation framework.i7x</string>
        <key>Line</key><integer>140</integer>
        <key>Title</key><string>Chapter 0 - New Verbs</string>
        <key>Level</key><integer>4</integer>
        <key>Indentation</key><integer>2</integer>
    </dict>
    <key>218</key><dict>
        <key>Filename</key><string>/Users/colesarar/Library/Inform/Extensions/eric eve/conversation framework.i7x</string>
        <key>Line</key><integer>144</integer>
        <key>Title</key><string>Chapter 1 - Greeting Definitions</string>
        <key>Level</key><integer>4</integer>
        <key>Indentation</key><integer>2</integer>
    </dict>
    <key>219</key><dict>
        <key>Filename</key><string>/Users/colesarar/Library/Inform/Extensions/eric eve/conversation framework.i7x</string>
        <key>Line</key><integer>170</integer>
        <key>Title</key><string>Chapter 2 - Greeting</string>
        <key>Level</key><integer>4</integer>
        <key>Indentation</key><integer>2</integer>
    </dict>
    <key>220</key><dict>
        <key>Filename</key><string>/Users/colesarar/Library/Inform/Extensions/eric eve/conversation framework.i7x</string>
        <key>Line</key><integer>246</integer>
        <key>Title</key><string>Chapter 2 - Saying Goodbye</string>
        <key>Level</key><integer>4</integer>
        <key>Indentation</key><integer>2</integer>
    </dict>
    <key>221</key><dict>
        <key>Filename</key><string>/Users/colesarar/Library/Inform/Extensions/eric eve/conversation framework.i7x</string>
        <key>Line</key><integer>301</integer>
        <key>Title</key><string>Chapter 3 - Reset protocol each turn</string>
        <key>Level</key><integer>4</integer>
        <key>Indentation</key><integer>2</integer>
    </dict>
    <key>222</key><dict>
        <key>Filename</key><string>/Users/colesarar/Library/Inform/Extensions/eric eve/conversation framework.i7x</string>
        <key>Line</key><integer>307</integer>
        <key>Title</key><string>Book 4 - Yes, No and Sorry</string>
        <key>Level</key><integer>2</integer>
        <key>Indentation</key><integer>1</integer>
    </dict>
    <key>223</key><dict>
        <key>Filename</key><string>/Users/colesarar/Library/Inform/Extensions/eric eve/conversation framework.i7x</string>
        <key>Line</key><integer>337</integer>
        <key>Title</key><string>Book 4 - Limiting what can be spoken about</string>
        <key>Level</key><integer>2</integer>
        <key>Indentation</key><integer>1</integer>
    </dict>
    <key>224</key><dict>
        <key>Filename</key><string>/Applications/Inform.app/Contents/Resources/Internal/Extensions/emily short/menus.i7x</string>
        <key>Line</key><integer>1</integer>
        <key>Title</key><string>Version 3 of Menus by Emily Short begins here</string>
        <key>Level</key><integer>0</integer>
        <key>Indentation</key><integer>0</integer>
    </dict>
    <key>225</key><dict>
        <key>Filename</key><string>/Applications/Inform.app/Contents/Resources/Internal/Extensions/emily short/menus.i7x</string>
        <key>Line</key><integer>9</integer>
        <key>Title</key><string>Section 1</string>
        <key>Level</key><integer>5</integer>
        <key>Indentation</key><integer>1</integer>
    </dict>
    <key>226</key><dict>
        <key>Filename</key><string>/Applications/Inform.app/Contents/Resources/Internal/Extensions/emily short/menus.i7x</string>
        <key>Line</key><integer>208</integer>
        <key>Title</key><string>Section 2 (for Glulx only)</string>
        <key>Level</key><integer>5</integer>
        <key>Indentation</key><integer>1</integer>
    </dict>
    <key>227</key><dict>
        <key>Filename</key><string>/Applications/Inform.app/Contents/Resources/Internal/Extensions/emily short/basic screen effects.i7x</string>
        <key>Line</key><integer>1</integer>
        <key>Title</key><string>Version 7/140425 of Basic Screen Effects by Emily Short begins here</string>
        <key>Level</key><integer>0</integer>
        <key>Indentation</key><integer>0</integer>
    </dict>
    <key>228</key><dict>
        <key>Filename</key><string>/Applications/Inform.app/Contents/Resources/Internal/Extensions/emily short/basic screen effects.i7x</string>
        <key>Line</key><integer>9</integer>
        <key>Title</key><string>Section - Clearing the screen</string>
        <key>Level</key><integer>5</integer>
        <key>Indentation</key><integer>1</integer>
    </dict>
    <key>229</key><dict>
        <key>Filename</key><string>/Applications/Inform.app/Contents/Resources/Internal/Extensions/emily short/basic screen effects.i7x</string>
        <key>Line</key><integer>22</integer>
        <key>Title</key><string>Section - Waiting for key-presses, quitting suddenly</string>
        <key>Level</key><integer>5</integer>
        <key>Indentation</key><integer>1</integer>
    </dict>
    <key>230</key><dict>
        <key>Filename</key><string>/Applications/Inform.app/Contents/Resources/Internal/Extensions/emily short/basic screen effects.i7x</string>
        <key>Line</key><integer>85</integer>
        <key>Title</key><string>Section - Showing the current quotation</string>
        <key>Level</key><integer>5</integer>
        <key>Indentation</key><integer>1</integer>
    </dict>
    <key>231</key><dict>
        <key>Filename</key><string>/Applications/Inform.app/Contents/Resources/Internal/Extensions/emily short/basic screen effects.i7x</string>
        <key>Line</key><integer>92</integer>
        <key>Title</key><string>Section - Centering text on-screen</string>
        <key>Level</key><integer>5</integer>
        <key>Indentation</key><integer>1</integer>
    </dict>
    <key>232</key><dict>
        <key>Filename</key><string>/Applications/Inform.app/Contents/Resources/Internal/Extensions/emily short/basic screen effects.i7x</string>
        <key>Line</key><integer>146</integer>
        <key>Title</key><string>Section - Customizing the status line</string>
        <key>Level</key><integer>5</integer>
        <key>Indentation</key><integer>1</integer>
    </dict>
    <key>233</key><dict>
        <key>Filename</key><string>/Applications/Inform.app/Contents/Resources/Internal/Extensions/emily short/basic screen effects.i7x</string>
        <key>Line</key><integer>212</integer>
        <key>Title</key><string>Section - Color effects (for Z-machine only)</string>
        <key>Level</key><integer>5</integer>
        <key>Indentation</key><integer>1</integer>
    </dict>
</dict></plist>
